{
  "daily_destroyarcademachines": 3,
  "daily_destroybears": 8,
  "daily_destroyfiretrucks": 3,
  "daily_destroygnomes": 3,
  "daily_destroypropanetanks": 10,
  "daily_destroyseesaws": 6,
  "daily_destroyserverracks": 4,
  "daily_destroytransformers": 2,
  "daily_destroytvs": 20,
  "daily_discovery_industriallocations": 3,
  "daily_discovery_rurallocations": 3,
  "daily_discovery_shelters": 4,
  "daily_discovery_suburbanlocations": 10,
  "daily_discovery_urbanlocations": 8,
  "daily_explorezones": 3,
  "daily_high_priority": 50,
  "daily_huskextermination_anyhero": 500,
  "daily_huskextermination_constructor": 300,
  "daily_huskextermination_melee": 300,
  "daily_huskextermination_ninja": 300,
  "daily_huskextermination_outlander": 300,
  "daily_huskextermination_ranged_assault": 300,
  "daily_huskextermination_ranged_pistol": 300,
  "daily_huskextermination_ranged_shotgun": 300,
  "daily_huskextermination_ranged_smg": 300,
  "daily_huskextermination_ranged_sniper": 300,
  "daily_huskextermination_soldier": 300,
  "daily_huskextermination_trap": 150,
  "daily_mission_buildradar": 4,
  "daily_mission_specialist_anyhero_1": 3,
  "daily_mission_specialist_anyhero_2": 5,
  "daily_mission_specialist_constructor": 3,
  "daily_mission_specialist_ninja": 3,
  "daily_mission_specialist_outlander": 3,
  "daily_mission_specialist_soldier": 3,
  "daily_partyof50": 25,
  "daily_safes": 1,
  "daily_treasurechests": 5
}
